Method,Job,AnalyzeLaunchVariance,EvaluateOverhead,MaxAbsoluteError,MaxRelativeError,MinInvokeCount,MinIterationTime,OutlierMode,Affinity,EnvironmentVariables,Jit,LargeAddressAware,Platform,PowerPlanMode,Runtime,AllowVeryLargeObjects,Concurrent,CpuGroups,Force,HeapAffinitizeMask,HeapCount,NoAffinitize,RetainVm,Server,Arguments,BuildConfiguration,Clock,EngineFactory,NuGetReferences,Toolchain,IsMutator,InvocationCount,IterationCount,IterationTime,LaunchCount,MaxIterationCount,MaxWarmupIterationCount,MemoryRandomization,MinIterationCount,MinWarmupIterationCount,RunStrategy,UnrollFactor,WarmupCount,Ratio,N,Mean,Error,StdDev,Median,Ratio,RatioSD,Rank,Gen0,Allocated,Alloc Ratio
'BPT  Range',DefaultJob,False,Default,Default,Default,Default,Default,Default,1111111111111111,Empty,RyuJit,Default,X64,8c5e7fda-e8bf-4a96-9a85-a6e23a8c635c,.NET 10.0,False,True,False,True,Default,Default,False,False,False,Default,Default,Default,Default,Default,Default,Default,Default,Default,Default,Default,Default,Default,Default,Default,Default,Default,16,Default,0.01,10000,661.7 ns,5.25 ns,4.10 ns,660.8 ns,1.00,0.01,2,0.0057,72 B,1.00
'SD   Range (foreach+break)',DefaultJob,False,Default,Default,Default,Default,Default,Default,1111111111111111,Empty,RyuJit,Default,X64,8c5e7fda-e8bf-4a96-9a85-a6e23a8c635c,.NET 10.0,False,True,False,True,Default,Default,False,False,False,Default,Default,Default,Default,Default,Default,Default,Default,Default,Default,Default,Default,Default,Default,Default,Default,Default,16,Default,0.01,10000,426.0 ns,8.47 ns,11.02 ns,423.1 ns,0.64,0.02,1,0.0210,264 B,3.67
'SD   Range (LINQ)',DefaultJob,False,Default,Default,Default,Default,Default,Default,1111111111111111,Empty,RyuJit,Default,X64,8c5e7fda-e8bf-4a96-9a85-a6e23a8c635c,.NET 10.0,False,True,False,True,Default,Default,False,False,False,Default,Default,Default,Default,Default,Default,Default,Default,Default,Default,Default,Default,Default,Default,Default,Default,Default,16,Default,0.01,10000,"112,908.2 ns","2,090.32 ns","1,955.28 ns","112,504.3 ns",170.63,3.03,3,0.0000,432 B,6.00
'BPT  Range',DefaultJob,False,Default,Default,Default,Default,Default,Default,1111111111111111,Empty,RyuJit,Default,X64,8c5e7fda-e8bf-4a96-9a85-a6e23a8c635c,.NET 10.0,False,True,False,True,Default,Default,False,False,False,Default,Default,Default,Default,Default,Default,Default,Default,Default,Default,Default,Default,Default,Default,Default,Default,Default,16,Default,0.01,100000,"6,569.7 ns",124.37 ns,148.06 ns,"6,568.1 ns",1.00,0.03,2,0.0000,72 B,1.00
'SD   Range (foreach+break)',DefaultJob,False,Default,Default,Default,Default,Default,Default,1111111111111111,Empty,RyuJit,Default,X64,8c5e7fda-e8bf-4a96-9a85-a6e23a8c635c,.NET 10.0,False,True,False,True,Default,Default,False,False,False,Default,Default,Default,Default,Default,Default,Default,Default,Default,Default,Default,Default,Default,Default,Default,Default,Default,16,Default,0.01,100000,"4,206.4 ns",78.16 ns,69.29 ns,"4,224.4 ns",0.64,0.02,1,0.0229,312 B,4.33
'SD   Range (LINQ)',DefaultJob,False,Default,Default,Default,Default,Default,Default,1111111111111111,Empty,RyuJit,Default,X64,8c5e7fda-e8bf-4a96-9a85-a6e23a8c635c,.NET 10.0,False,True,False,True,Default,Default,False,False,False,Default,Default,Default,Default,Default,Default,Default,Default,Default,Default,Default,Default,Default,Default,Default,Default,Default,16,Default,0.01,100000,"1,999,661.0 ns","99,957.66 ns","293,158.53 ns","1,923,534.4 ns",304.52,44.94,3,0.0000,480 B,6.67
'BPT  Range',DefaultJob,False,Default,Default,Default,Default,Default,Default,1111111111111111,Empty,RyuJit,Default,X64,8c5e7fda-e8bf-4a96-9a85-a6e23a8c635c,.NET 10.0,False,True,False,True,Default,Default,False,False,False,Default,Default,Default,Default,Default,Default,Default,Default,Default,Default,Default,Default,Default,Default,Default,Default,Default,16,Default,0.01,1000000,"65,041.6 ns",80.86 ns,75.64 ns,"65,057.1 ns",1.00,0.00,1,0.0000,72 B,1.00
'SD   Range (foreach+break)',DefaultJob,False,Default,Default,Default,Default,Default,Default,1111111111111111,Empty,RyuJit,Default,X64,8c5e7fda-e8bf-4a96-9a85-a6e23a8c635c,.NET 10.0,False,True,False,True,Default,Default,False,False,False,Default,Default,Default,Default,Default,Default,Default,Default,Default,Default,Default,Default,Default,Default,Default,Default,Default,16,Default,0.01,1000000,"115,901.6 ns","2,295.65 ns","3,142.32 ns","114,992.2 ns",1.78,0.05,2,0.0000,360 B,5.00
'SD   Range (LINQ)',DefaultJob,False,Default,Default,Default,Default,Default,Default,1111111111111111,Empty,RyuJit,Default,X64,8c5e7fda-e8bf-4a96-9a85-a6e23a8c635c,.NET 10.0,False,True,False,True,Default,Default,False,False,False,Default,Default,Default,Default,Default,Default,Default,Default,Default,Default,Default,Default,Default,Default,Default,Default,Default,16,Default,0.01,1000000,"86,568,110.1 ns","5,028,702.75 ns","14,748,315.74 ns","81,799,016.7 ns","1,330.97",225.69,3,0.0000,528 B,7.33
'BPT  Range',DefaultJob,False,Default,Default,Default,Default,Default,Default,1111111111111111,Empty,RyuJit,Default,X64,8c5e7fda-e8bf-4a96-9a85-a6e23a8c635c,.NET 10.0,False,True,False,True,Default,Default,False,False,False,Default,Default,Default,Default,Default,Default,Default,Default,Default,Default,Default,Default,Default,Default,Default,Default,Default,16,Default,0.1,10000,"6,404.2 ns",39.48 ns,36.93 ns,"6,396.2 ns",1.00,0.01,2,0.0000,72 B,1.00
'SD   Range (foreach+break)',DefaultJob,False,Default,Default,Default,Default,Default,Default,1111111111111111,Empty,RyuJit,Default,X64,8c5e7fda-e8bf-4a96-9a85-a6e23a8c635c,.NET 10.0,False,True,False,True,Default,Default,False,False,False,Default,Default,Default,Default,Default,Default,Default,Default,Default,Default,Default,Default,Default,Default,Default,Default,Default,16,Default,0.1,10000,"4,136.0 ns",81.83 ns,122.48 ns,"4,122.5 ns",0.65,0.02,1,0.0153,264 B,3.67
'SD   Range (LINQ)',DefaultJob,False,Default,Default,Default,Default,Default,Default,1111111111111111,Empty,RyuJit,Default,X64,8c5e7fda-e8bf-4a96-9a85-a6e23a8c635c,.NET 10.0,False,True,False,True,Default,Default,False,False,False,Default,Default,Default,Default,Default,Default,Default,Default,Default,Default,Default,Default,Default,Default,Default,Default,Default,16,Default,0.1,10000,"111,437.9 ns","2,187.29 ns","2,045.99 ns","110,866.7 ns",17.40,0.32,3,0.0000,432 B,6.00
'BPT  Range',DefaultJob,False,Default,Default,Default,Default,Default,Default,1111111111111111,Empty,RyuJit,Default,X64,8c5e7fda-e8bf-4a96-9a85-a6e23a8c635c,.NET 10.0,False,True,False,True,Default,Default,False,False,False,Default,Default,Default,Default,Default,Default,Default,Default,Default,Default,Default,Default,Default,Default,Default,Default,Default,16,Default,0.1,100000,"67,306.0 ns",922.22 ns,817.52 ns,"67,364.9 ns",1.00,0.02,1,0.0000,72 B,1.00
'SD   Range (foreach+break)',DefaultJob,False,Default,Default,Default,Default,Default,Default,1111111111111111,Empty,RyuJit,Default,X64,8c5e7fda-e8bf-4a96-9a85-a6e23a8c635c,.NET 10.0,False,True,False,True,Default,Default,False,False,False,Default,Default,Default,Default,Default,Default,Default,Default,Default,Default,Default,Default,Default,Default,Default,Default,Default,16,Default,0.1,100000,"67,711.7 ns","1,343.34 ns","1,883.17 ns","67,651.4 ns",1.01,0.03,1,0.0000,312 B,4.33
'SD   Range (LINQ)',DefaultJob,False,Default,Default,Default,Default,Default,Default,1111111111111111,Empty,RyuJit,Default,X64,8c5e7fda-e8bf-4a96-9a85-a6e23a8c635c,.NET 10.0,False,True,False,True,Default,Default,False,False,False,Default,Default,Default,Default,Default,Default,Default,Default,Default,Default,Default,Default,Default,Default,Default,Default,Default,16,Default,0.1,100000,"1,919,947.5 ns","56,988.20 ns","165,333.11 ns","1,901,720.3 ns",28.53,2.47,2,0.0000,480 B,6.67
'BPT  Range',DefaultJob,False,Default,Default,Default,Default,Default,Default,1111111111111111,Empty,RyuJit,Default,X64,8c5e7fda-e8bf-4a96-9a85-a6e23a8c635c,.NET 10.0,False,True,False,True,Default,Default,False,False,False,Default,Default,Default,Default,Default,Default,Default,Default,Default,Default,Default,Default,Default,Default,Default,Default,Default,16,Default,0.1,1000000,"706,253.9 ns","13,750.86 ns","19,276.79 ns","709,515.2 ns",1.00,0.04,1,0.0000,72 B,1.00
'SD   Range (foreach+break)',DefaultJob,False,Default,Default,Default,Default,Default,Default,1111111111111111,Empty,RyuJit,Default,X64,8c5e7fda-e8bf-4a96-9a85-a6e23a8c635c,.NET 10.0,False,True,False,True,Default,Default,False,False,False,Default,Default,Default,Default,Default,Default,Default,Default,Default,Default,Default,Default,Default,Default,Default,Default,Default,16,Default,0.1,1000000,"2,494,941.6 ns","229,775.53 ns","677,498.39 ns","2,335,689.6 ns",3.54,0.96,2,0.0000,360 B,5.00
'SD   Range (LINQ)',DefaultJob,False,Default,Default,Default,Default,Default,Default,1111111111111111,Empty,RyuJit,Default,X64,8c5e7fda-e8bf-4a96-9a85-a6e23a8c635c,.NET 10.0,False,True,False,True,Default,Default,False,False,False,Default,Default,Default,Default,Default,Default,Default,Default,Default,Default,Default,Default,Default,Default,Default,Default,Default,16,Default,0.1,1000000,"81,340,480.2 ns","3,848,733.06 ns","11,348,077.10 ns","76,546,120.0 ns",115.25,16.31,3,0.0000,528 B,7.33
'BPT  Range',DefaultJob,False,Default,Default,Default,Default,Default,Default,1111111111111111,Empty,RyuJit,Default,X64,8c5e7fda-e8bf-4a96-9a85-a6e23a8c635c,.NET 10.0,False,True,False,True,Default,Default,False,False,False,Default,Default,Default,Default,Default,Default,Default,Default,Default,Default,Default,Default,Default,Default,Default,Default,Default,16,Default,0.5,10000,"32,583.0 ns",564.54 ns,500.45 ns,"32,618.4 ns",1.00,0.02,2,0.0000,72 B,1.00
'SD   Range (foreach+break)',DefaultJob,False,Default,Default,Default,Default,Default,Default,1111111111111111,Empty,RyuJit,Default,X64,8c5e7fda-e8bf-4a96-9a85-a6e23a8c635c,.NET 10.0,False,True,False,True,Default,Default,False,False,False,Default,Default,Default,Default,Default,Default,Default,Default,Default,Default,Default,Default,Default,Default,Default,Default,Default,16,Default,0.5,10000,"19,424.5 ns",278.42 ns,246.81 ns,"19,365.2 ns",0.60,0.01,1,0.0000,264 B,3.67
'SD   Range (LINQ)',DefaultJob,False,Default,Default,Default,Default,Default,Default,1111111111111111,Empty,RyuJit,Default,X64,8c5e7fda-e8bf-4a96-9a85-a6e23a8c635c,.NET 10.0,False,True,False,True,Default,Default,False,False,False,Default,Default,Default,Default,Default,Default,Default,Default,Default,Default,Default,Default,Default,Default,Default,Default,Default,16,Default,0.5,10000,"115,417.5 ns","2,103.48 ns","1,967.60 ns","115,386.2 ns",3.54,0.08,3,0.0000,432 B,6.00
'BPT  Range',DefaultJob,False,Default,Default,Default,Default,Default,Default,1111111111111111,Empty,RyuJit,Default,X64,8c5e7fda-e8bf-4a96-9a85-a6e23a8c635c,.NET 10.0,False,True,False,True,Default,Default,False,False,False,Default,Default,Default,Default,Default,Default,Default,Default,Default,Default,Default,Default,Default,Default,Default,Default,Default,16,Default,0.5,100000,"334,566.2 ns","5,024.97 ns","4,196.08 ns","333,338.1 ns",1.00,0.02,1,0.0000,72 B,1.00
'SD   Range (foreach+break)',DefaultJob,False,Default,Default,Default,Default,Default,Default,1111111111111111,Empty,RyuJit,Default,X64,8c5e7fda-e8bf-4a96-9a85-a6e23a8c635c,.NET 10.0,False,True,False,True,Default,Default,False,False,False,Default,Default,Default,Default,Default,Default,Default,Default,Default,Default,Default,Default,Default,Default,Default,Default,Default,16,Default,0.5,100000,"556,349.1 ns","10,858.89 ns","11,618.89 ns","554,630.2 ns",1.66,0.04,2,0.0000,312 B,4.33
'SD   Range (LINQ)',DefaultJob,False,Default,Default,Default,Default,Default,Default,1111111111111111,Empty,RyuJit,Default,X64,8c5e7fda-e8bf-4a96-9a85-a6e23a8c635c,.NET 10.0,False,True,False,True,Default,Default,False,False,False,Default,Default,Default,Default,Default,Default,Default,Default,Default,Default,Default,Default,Default,Default,Default,Default,Default,16,Default,0.5,100000,"2,055,044.8 ns","35,846.81 ns","38,355.69 ns","2,042,421.3 ns",6.14,0.13,3,0.0000,480 B,6.67
'BPT  Range',DefaultJob,False,Default,Default,Default,Default,Default,Default,1111111111111111,Empty,RyuJit,Default,X64,8c5e7fda-e8bf-4a96-9a85-a6e23a8c635c,.NET 10.0,False,True,False,True,Default,Default,False,False,False,Default,Default,Default,Default,Default,Default,Default,Default,Default,Default,Default,Default,Default,Default,Default,Default,Default,16,Default,0.5,1000000,"5,081,146.5 ns","101,525.00 ns","104,258.70 ns","5,086,757.8 ns",1.00,0.03,1,0.0000,72 B,1.00
'SD   Range (foreach+break)',DefaultJob,False,Default,Default,Default,Default,Default,Default,1111111111111111,Empty,RyuJit,Default,X64,8c5e7fda-e8bf-4a96-9a85-a6e23a8c635c,.NET 10.0,False,True,False,True,Default,Default,False,False,False,Default,Default,Default,Default,Default,Default,Default,Default,Default,Default,Default,Default,Default,Default,Default,Default,Default,16,Default,0.5,1000000,"20,568,149.4 ns","409,655.03 ns","661,516.57 ns","20,532,662.5 ns",4.05,0.15,2,0.0000,360 B,5.00
'SD   Range (LINQ)',DefaultJob,False,Default,Default,Default,Default,Default,Default,1111111111111111,Empty,RyuJit,Default,X64,8c5e7fda-e8bf-4a96-9a85-a6e23a8c635c,.NET 10.0,False,True,False,True,Default,Default,False,False,False,Default,Default,Default,Default,Default,Default,Default,Default,Default,Default,Default,Default,Default,Default,Default,Default,Default,16,Default,0.5,1000000,"93,972,966.2 ns","3,391,760.40 ns","9,621,860.42 ns","95,041,960.0 ns",18.50,1.92,3,0.0000,528 B,7.33
